date,name,value
1910-01-01,Combustibles,240
1910-01-01,Carburants,500
1910-01-01,Electricité,3530
1910-01-01,Gaz,2220
1910-01-01,Charbon,76310
1910-01-01,Energie du bois,17190
1910-01-01,Chaleur à distance,0
1910-01-01,Déchets industriels,0
1910-01-01,Carburants biogènes,0
1910-01-01,Biogaz,0
1910-01-01,Soleil,0
1910-01-01,Chaleur ambiante,0
1911-01-01,Combustibles,340
1911-01-01,Carburants,620
1911-01-01,Electricité,4330
1911-01-01,Gaz,2350
1911-01-01,Charbon,84660
1911-01-01,Energie du bois,17190
1911-01-01,Chaleur à distance,0
1911-01-01,Déchets industriels,0
1911-01-01,Carburants biogènes,0
1911-01-01,Biogaz,0
1911-01-01,Soleil,0
1911-01-01,Chaleur ambiante,0
1912-01-01,Combustibles,350
1912-01-01,Carburants,660
1912-01-01,Electricité,5040
1912-01-01,Gaz,2570
1912-01-01,Charbon,85380
1912-01-01,Energie du bois,17190
1912-01-01,Chaleur à distance,0
1912-01-01,Déchets industriels,0
1912-01-01,Carburants biogènes,0
1912-01-01,Biogaz,0
1912-01-01,Soleil,0
1912-01-01,Chaleur ambiante,0
1913-01-01,Combustibles,340
1913-01-01,Carburants,690
1913-01-01,Electricité,5450
1913-01-01,Gaz,2550
1913-01-01,Charbon,89450
1913-01-01,Energie du bois,17190
1913-01-01,Chaleur à distance,0
1913-01-01,Déchets industriels,0
1913-01-01,Carburants biogènes,0
1913-01-01,Biogaz,0
1913-01-01,Soleil,0
1913-01-01,Chaleur ambiante,0
1914-01-01,Combustibles,150
1914-01-01,Carburants,520
1914-01-01,Electricité,5670
1914-01-01,Gaz,2570
1914-01-01,Charbon,86900
1914-01-01,Energie du bois,16830
1914-01-01,Chaleur à distance,0
1914-01-01,Déchets industriels,0
1914-01-01,Carburants biogènes,0
1914-01-01,Biogaz,0
1914-01-01,Soleil,0
1914-01-01,Chaleur ambiante,0
1915-01-01,Combustibles,41
1915-01-01,Carburants,450
1915-01-01,Electricité,6240
1915-01-01,Gaz,2660
1915-01-01,Charbon,87740
1915-01-01,Energie du bois,14930
1915-01-01,Chaleur à distance,0
1915-01-01,Déchets industriels,0
1915-01-01,Carburants biogènes,0
1915-01-01,Biogaz,0
1915-01-01,Soleil,0
1915-01-01,Chaleur ambiante,0
1916-01-01,Combustibles,12
1916-01-01,Carburants,170
1916-01-01,Electricité,6840
1916-01-01,Gaz,2900
1916-01-01,Charbon,82780
1916-01-01,Energie du bois,12590
1916-01-01,Chaleur à distance,0
1916-01-01,Déchets industriels,0
1916-01-01,Carburants biogènes,0
1916-01-01,Biogaz,0
1916-01-01,Soleil,0
1916-01-01,Chaleur ambiante,0
1917-01-01,Combustibles,3
1917-01-01,Carburants,310
1917-01-01,Electricité,7560
1917-01-01,Gaz,2190
1917-01-01,Charbon,68380
1917-01-01,Energie du bois,13580
1917-01-01,Chaleur à distance,0
1917-01-01,Déchets industriels,0
1917-01-01,Carburants biogènes,0
1917-01-01,Biogaz,0
1917-01-01,Soleil,0
1917-01-01,Chaleur ambiante,0
1918-01-01,Combustibles,10
1918-01-01,Carburants,290
1918-01-01,Electricité,8390
1918-01-01,Gaz,1920
1918-01-01,Charbon,63880
1918-01-01,Energie du bois,18330
1918-01-01,Chaleur à distance,0
1918-01-01,Déchets industriels,0
1918-01-01,Carburants biogènes,0
1918-01-01,Biogaz,0
1918-01-01,Soleil,0
1918-01-01,Chaleur ambiante,0
1919-01-01,Combustibles,49
1919-01-01,Carburants,590
1919-01-01,Electricité,8140
1919-01-01,Gaz,1850
1919-01-01,Charbon,48610
1919-01-01,Energie du bois,19750
1919-01-01,Chaleur à distance,0
1919-01-01,Déchets industriels,0
1919-01-01,Carburants biogènes,0
1919-01-01,Biogaz,0
1919-01-01,Soleil,0
1919-01-01,Chaleur ambiante,0
1920-01-01,Combustibles,370
1920-01-01,Carburants,1490
1920-01-01,Electricité,7630
1920-01-01,Gaz,2000
1920-01-01,Charbon,64140
1920-01-01,Energie du bois,17490
1920-01-01,Chaleur à distance,0
1920-01-01,Déchets industriels,0
1920-01-01,Carburants biogènes,0
1920-01-01,Biogaz,0
1920-01-01,Soleil,0
1920-01-01,Chaleur ambiante,0
1921-01-01,Combustibles,390
1921-01-01,Carburants,960
1921-01-01,Electricité,7200
1921-01-01,Gaz,2000
1921-01-01,Charbon,48510
1921-01-01,Energie du bois,16760
1921-01-01,Chaleur à distance,0
1921-01-01,Déchets industriels,0
1921-01-01,Carburants biogènes,0
1921-01-01,Biogaz,0
1921-01-01,Soleil,0
1921-01-01,Chaleur ambiante,0
1922-01-01,Combustibles,1010
1922-01-01,Carburants,1640
1922-01-01,Electricité,7850
1922-01-01,Gaz,2110
1922-01-01,Charbon,60480
1922-01-01,Energie du bois,18990
1922-01-01,Chaleur à distance,0
1922-01-01,Déchets industriels,0
1922-01-01,Carburants biogènes,0
1922-01-01,Biogaz,0
1922-01-01,Soleil,0
1922-01-01,Chaleur ambiante,0
1923-01-01,Combustibles,1200
1923-01-01,Carburants,1870
1923-01-01,Electricité,8570
1923-01-01,Gaz,2260
1923-01-01,Charbon,75480
1923-01-01,Energie du bois,21880
1923-01-01,Chaleur à distance,0
1923-01-01,Déchets industriels,0
1923-01-01,Carburants biogènes,0
1923-01-01,Biogaz,0
1923-01-01,Soleil,0
1923-01-01,Chaleur ambiante,0
1924-01-01,Combustibles,1520
1924-01-01,Carburants,2000
1924-01-01,Electricité,9760
1924-01-01,Gaz,2400
1924-01-01,Charbon,70060
1924-01-01,Energie du bois,21070
1924-01-01,Chaleur à distance,0
1924-01-01,Déchets industriels,0
1924-01-01,Carburants biogènes,0
1924-01-01,Biogaz,0
1924-01-01,Soleil,0
1924-01-01,Chaleur ambiante,0
1925-01-01,Combustibles,1560
1925-01-01,Carburants,2920
1925-01-01,Electricité,10330
1925-01-01,Gaz,2570
1925-01-01,Charbon,72650
1925-01-01,Energie du bois,19930
1925-01-01,Chaleur à distance,0
1925-01-01,Déchets industriels,0
1925-01-01,Carburants biogènes,0
1925-01-01,Biogaz,0
1925-01-01,Soleil,0
1925-01-01,Chaleur ambiante,0
1926-01-01,Combustibles,1760
1926-01-01,Carburants,3190
1926-01-01,Electricité,10870
1926-01-01,Gaz,2720
1926-01-01,Charbon,71980
1926-01-01,Energie du bois,20010
1926-01-01,Chaleur à distance,0
1926-01-01,Déchets industriels,0
1926-01-01,Carburants biogènes,0
1926-01-01,Biogaz,0
1926-01-01,Soleil,0
1926-01-01,Chaleur ambiante,0
1927-01-01,Combustibles,2010
1927-01-01,Carburants,3980
1927-01-01,Electricité,11560
1927-01-01,Gaz,2900
1927-01-01,Charbon,81560
1927-01-01,Energie du bois,19110
1927-01-01,Chaleur à distance,0
1927-01-01,Déchets industriels,0
1927-01-01,Carburants biogènes,0
1927-01-01,Biogaz,0
1927-01-01,Soleil,0
1927-01-01,Chaleur ambiante,0
1928-01-01,Combustibles,2370
1928-01-01,Carburants,4950
1928-01-01,Electricité,12240
1928-01-01,Gaz,3100
1928-01-01,Charbon,80710
1928-01-01,Energie du bois,19420
1928-01-01,Chaleur à distance,0
1928-01-01,Déchets industriels,0
1928-01-01,Carburants biogènes,0
1928-01-01,Biogaz,0
1928-01-01,Soleil,0
1928-01-01,Chaleur ambiante,0
1929-01-01,Combustibles,2980
1929-01-01,Carburants,5860
1929-01-01,Electricité,13050
1929-01-01,Gaz,3330
1929-01-01,Charbon,94010
1929-01-01,Energie du bois,20060
1929-01-01,Chaleur à distance,0
1929-01-01,Déchets industriels,0
1929-01-01,Carburants biogènes,0
1929-01-01,Biogaz,0
1929-01-01,Soleil,0
1929-01-01,Chaleur ambiante,0
1930-01-01,Combustibles,3310
1930-01-01,Carburants,6690
1930-01-01,Electricité,12830
1930-01-01,Gaz,3470
1930-01-01,Charbon,84870
1930-01-01,Energie du bois,19310
1930-01-01,Chaleur à distance,0
1930-01-01,Déchets industriels,0
1930-01-01,Carburants biogènes,0
1930-01-01,Biogaz,0
1930-01-01,Soleil,0
1930-01-01,Chaleur ambiante,0
1931-01-01,Combustibles,3880
1931-01-01,Carburants,7730
1931-01-01,Electricité,12070
1931-01-01,Gaz,3640
1931-01-01,Charbon,87290
1931-01-01,Energie du bois,20390
1931-01-01,Chaleur à distance,0
1931-01-01,Déchets industriels,0
1931-01-01,Carburants biogènes,0
1931-01-01,Biogaz,0
1931-01-01,Soleil,0
1931-01-01,Chaleur ambiante,0
1932-01-01,Combustibles,5170
1932-01-01,Carburants,8770
1932-01-01,Electricité,11550
1932-01-01,Gaz,3800
1932-01-01,Charbon,86080
1932-01-01,Energie du bois,19260
1932-01-01,Chaleur à distance,0
1932-01-01,Déchets industriels,0
1932-01-01,Carburants biogènes,0
1932-01-01,Biogaz,0
1932-01-01,Soleil,0
1932-01-01,Chaleur ambiante,0
1933-01-01,Combustibles,6070
1933-01-01,Carburants,8470
1933-01-01,Electricité,12270
1933-01-01,Gaz,3820
1933-01-01,Charbon,81390
1933-01-01,Energie du bois,19000
1933-01-01,Chaleur à distance,0
1933-01-01,Déchets industriels,0
1933-01-01,Carburants biogènes,0
1933-01-01,Biogaz,0
1933-01-01,Soleil,0
1933-01-01,Chaleur ambiante,0
1934-01-01,Combustibles,6430
1934-01-01,Carburants,9510
1934-01-01,Electricité,12800
1934-01-01,Gaz,3880
1934-01-01,Charbon,80970
1934-01-01,Energie du bois,19060
1934-01-01,Chaleur à distance,0
1934-01-01,Déchets industriels,0
1934-01-01,Carburants biogènes,0
1934-01-01,Biogaz,0
1934-01-01,Soleil,0
1934-01-01,Chaleur ambiante,0
1935-01-01,Combustibles,6760
1935-01-01,Carburants,9290
1935-01-01,Electricité,13530
1935-01-01,Gaz,3870
1935-01-01,Charbon,79800
1935-01-01,Energie du bois,19830
1935-01-01,Chaleur à distance,0
1935-01-01,Déchets industriels,0
1935-01-01,Carburants biogènes,0
1935-01-01,Biogaz,0
1935-01-01,Soleil,0
1935-01-01,Chaleur ambiante,0
1936-01-01,Combustibles,6970
1936-01-01,Carburants,8520
1936-01-01,Electricité,14460
1936-01-01,Gaz,3850
1936-01-01,Charbon,82030
1936-01-01,Energie du bois,18100
1936-01-01,Chaleur à distance,0
1936-01-01,Déchets industriels,0
1936-01-01,Carburants biogènes,0
1936-01-01,Biogaz,0
1936-01-01,Soleil,0
1936-01-01,Chaleur ambiante,0
1937-01-01,Combustibles,6450
1937-01-01,Carburants,8660
1937-01-01,Electricité,16960
1937-01-01,Gaz,3920
1937-01-01,Charbon,85220
1937-01-01,Energie du bois,18020
1937-01-01,Chaleur à distance,0
1937-01-01,Déchets industriels,0
1937-01-01,Carburants biogènes,0
1937-01-01,Biogaz,0
1937-01-01,Soleil,0
1937-01-01,Chaleur ambiante,0
1938-01-01,Combustibles,6770
1938-01-01,Carburants,9150
1938-01-01,Electricité,16900
1938-01-01,Gaz,4020
1938-01-01,Charbon,85190
1938-01-01,Energie du bois,17950
1938-01-01,Chaleur à distance,0
1938-01-01,Déchets industriels,0
1938-01-01,Carburants biogènes,0
1938-01-01,Biogaz,0
1938-01-01,Soleil,0
1938-01-01,Chaleur ambiante,0
1939-01-01,Combustibles,7700
1939-01-01,Carburants,8640
1939-01-01,Electricité,18390
1939-01-01,Gaz,4020
1939-01-01,Charbon,86450
1939-01-01,Energie du bois,18160
1939-01-01,Chaleur à distance,0
1939-01-01,Déchets industriels,0
1939-01-01,Carburants biogènes,0
1939-01-01,Biogaz,0
1939-01-01,Soleil,0
1939-01-01,Chaleur ambiante,0
1940-01-01,Combustibles,4800
1940-01-01,Carburants,5760
1940-01-01,Electricité,19630
1940-01-01,Gaz,4240
1940-01-01,Charbon,70500
1940-01-01,Energie du bois,23120
1940-01-01,Chaleur à distance,0
1940-01-01,Déchets industriels,0
1940-01-01,Carburants biogènes,0
1940-01-01,Biogaz,0
1940-01-01,Soleil,0
1940-01-01,Chaleur ambiante,0
1941-01-01,Combustibles,1940
1941-01-01,Carburants,2140
1941-01-01,Electricité,20570
1941-01-01,Gaz,3490
1941-01-01,Charbon,62460
1941-01-01,Energie du bois,31270
1941-01-01,Chaleur à distance,0
1941-01-01,Déchets industriels,0
1941-01-01,Carburants biogènes,0
1941-01-01,Biogaz,0
1941-01-01,Soleil,0
1941-01-01,Chaleur ambiante,0
1942-01-01,Combustibles,1510
1942-01-01,Carburants,1480
1942-01-01,Electricité,20490
1942-01-01,Gaz,3390
1942-01-01,Charbon,58460
1942-01-01,Energie du bois,30830
1942-01-01,Chaleur à distance,0
1942-01-01,Déchets industriels,0
1942-01-01,Carburants biogènes,0
1942-01-01,Biogaz,0
1942-01-01,Soleil,0
1942-01-01,Chaleur ambiante,0
1943-01-01,Combustibles,1320
1943-01-01,Carburants,1280
1943-01-01,Electricité,22450
1943-01-01,Gaz,3350
1943-01-01,Charbon,51740
1943-01-01,Energie du bois,31270
1943-01-01,Chaleur à distance,0
1943-01-01,Déchets industriels,0
1943-01-01,Carburants biogènes,0
1943-01-01,Biogaz,0
1943-01-01,Soleil,0
1943-01-01,Chaleur ambiante,0
1944-01-01,Combustibles,650
1944-01-01,Carburants,1510
1944-01-01,Electricité,24200
1944-01-01,Gaz,3480
1944-01-01,Charbon,41320
1944-01-01,Energie du bois,30260
1944-01-01,Chaleur à distance,0
1944-01-01,Déchets industriels,0
1944-01-01,Carburants biogènes,0
1944-01-01,Biogaz,0
1944-01-01,Soleil,0
1944-01-01,Chaleur ambiante,0
1945-01-01,Combustibles,670
1945-01-01,Carburants,480
1945-01-01,Electricité,27550
1945-01-01,Gaz,2430
1945-01-01,Charbon,42620
1945-01-01,Energie du bois,32920
1945-01-01,Chaleur à distance,0
1945-01-01,Déchets industriels,0
1945-01-01,Carburants biogènes,0
1945-01-01,Biogaz,0
1945-01-01,Soleil,0
1945-01-01,Chaleur ambiante,0
1946-01-01,Combustibles,8690
1946-01-01,Carburants,6300
1946-01-01,Electricité,29650
1946-01-01,Gaz,2820
1946-01-01,Charbon,44940
1946-01-01,Energie du bois,34230
1946-01-01,Chaleur à distance,0
1946-01-01,Déchets industriels,0
1946-01-01,Carburants biogènes,0
1946-01-01,Biogaz,0
1946-01-01,Soleil,0
1946-01-01,Chaleur ambiante,0
1947-01-01,Combustibles,17450
1947-01-01,Carburants,10910
1947-01-01,Electricité,28220
1947-01-01,Gaz,3300
1947-01-01,Charbon,56480
1947-01-01,Energie du bois,22310
1947-01-01,Chaleur à distance,0
1947-01-01,Déchets industriels,0
1947-01-01,Carburants biogènes,0
1947-01-01,Biogaz,0
1947-01-01,Soleil,0
1947-01-01,Chaleur ambiante,0
1948-01-01,Combustibles,16060
1948-01-01,Carburants,13630
1948-01-01,Electricité,31950
1948-01-01,Gaz,3650
1948-01-01,Charbon,59670
1948-01-01,Energie du bois,23030
1948-01-01,Chaleur à distance,0
1948-01-01,Déchets industriels,0
1948-01-01,Carburants biogènes,0
1948-01-01,Biogaz,0
1948-01-01,Soleil,0
1948-01-01,Chaleur ambiante,0
1949-01-01,Combustibles,19360
1949-01-01,Carburants,13870
1949-01-01,Electricité,28330
1949-01-01,Gaz,3740
1949-01-01,Charbon,59780
1949-01-01,Energie du bois,20730
1949-01-01,Chaleur à distance,0
1949-01-01,Déchets industriels,0
1949-01-01,Carburants biogènes,0
1949-01-01,Biogaz,0
1949-01-01,Soleil,0
1949-01-01,Chaleur ambiante,0
1950-01-01,Combustibles,23670
1950-01-01,Carburants,19070
1950-01-01,Electricité,31780
1950-01-01,Gaz,3770
1950-01-01,Charbon,67690
1950-01-01,Energie du bois,21720
1950-01-01,Chaleur à distance,0
1950-01-01,Déchets industriels,0
1950-01-01,Carburants biogènes,0
1950-01-01,Biogaz,0
1950-01-01,Soleil,0
1950-01-01,Chaleur ambiante,0
1951-01-01,Combustibles,26470
1951-01-01,Carburants,19860
1951-01-01,Electricité,36780
1951-01-01,Gaz,3870
1951-01-01,Charbon,70750
1951-01-01,Energie du bois,21550
1951-01-01,Chaleur à distance,0
1951-01-01,Déchets industriels,0
1951-01-01,Carburants biogènes,0
1951-01-01,Biogaz,0
1951-01-01,Soleil,0
1951-01-01,Chaleur ambiante,0
1952-01-01,Combustibles,27580
1952-01-01,Carburants,22820
1952-01-01,Electricité,37770
1952-01-01,Gaz,3930
1952-01-01,Charbon,74120
1952-01-01,Energie du bois,21320
1952-01-01,Chaleur à distance,0
1952-01-01,Déchets industriels,0
1952-01-01,Carburants biogènes,0
1952-01-01,Biogaz,0
1952-01-01,Soleil,0
1952-01-01,Chaleur ambiante,0
1953-01-01,Combustibles,30410
1953-01-01,Carburants,24480
1953-01-01,Electricité,39200
1953-01-01,Gaz,3970
1953-01-01,Charbon,61560
1953-01-01,Energie du bois,19940
1953-01-01,Chaleur à distance,0
1953-01-01,Déchets industriels,0
1953-01-01,Carburants biogènes,0
1953-01-01,Biogaz,0
1953-01-01,Soleil,0
1953-01-01,Chaleur ambiante,0
1954-01-01,Combustibles,40680
1954-01-01,Carburants,26590
1954-01-01,Electricité,40560
1954-01-01,Gaz,4050
1954-01-01,Charbon,71990
1954-01-01,Energie du bois,18280
1954-01-01,Chaleur à distance,0
1954-01-01,Déchets industriels,0
1954-01-01,Carburants biogènes,0
1954-01-01,Biogaz,0
1954-01-01,Soleil,0
1954-01-01,Chaleur ambiante,0
1955-01-01,Combustibles,47690
1955-01-01,Carburants,30750
1955-01-01,Electricité,44780
1955-01-01,Gaz,4030
1955-01-01,Charbon,75330
1955-01-01,Energie du bois,18120
1955-01-01,Chaleur à distance,0
1955-01-01,Déchets industriels,0
1955-01-01,Carburants biogènes,0
1955-01-01,Biogaz,0
1955-01-01,Soleil,0
1955-01-01,Chaleur ambiante,0
1956-01-01,Combustibles,64000
1956-01-01,Carburants,37070
1956-01-01,Electricité,46120
1956-01-01,Gaz,4190
1956-01-01,Charbon,81280
1956-01-01,Energie du bois,17250
1956-01-01,Chaleur à distance,0
1956-01-01,Déchets industriels,0
1956-01-01,Carburants biogènes,0
1956-01-01,Biogaz,0
1956-01-01,Soleil,0
1956-01-01,Chaleur ambiante,0
1957-01-01,Combustibles,62490
1957-01-01,Carburants,37800
1957-01-01,Electricité,48120
1957-01-01,Gaz,4130
1957-01-01,Charbon,74920
1957-01-01,Energie du bois,17820
1957-01-01,Chaleur à distance,0
1957-01-01,Déchets industriels,0
1957-01-01,Carburants biogènes,0
1957-01-01,Biogaz,0
1957-01-01,Soleil,0
1957-01-01,Chaleur ambiante,0
1958-01-01,Combustibles,74750
1958-01-01,Carburants,43180
1958-01-01,Electricité,50120
1958-01-01,Gaz,4100
1958-01-01,Charbon,67360
1958-01-01,Energie du bois,16560
1958-01-01,Chaleur à distance,0
1958-01-01,Déchets industriels,0
1958-01-01,Carburants biogènes,0
1958-01-01,Biogaz,0
1958-01-01,Soleil,0
1958-01-01,Chaleur ambiante,0
1959-01-01,Combustibles,77190
1959-01-01,Carburants,48790
1959-01-01,Electricité,51780
1959-01-01,Gaz,4060
1959-01-01,Charbon,68510
1959-01-01,Energie du bois,15110
1959-01-01,Chaleur à distance,0
1959-01-01,Déchets industriels,0
1959-01-01,Carburants biogènes,0
1959-01-01,Biogaz,0
1959-01-01,Soleil,0
1959-01-01,Chaleur ambiante,0
1960-01-01,Combustibles,95300
1960-01-01,Carburants,55310
1960-01-01,Electricité,57210
1960-01-01,Gaz,4120
1960-01-01,Charbon,68080
1960-01-01,Energie du bois,14520
1960-01-01,Chaleur à distance,0
1960-01-01,Déchets industriels,0
1960-01-01,Carburants biogènes,0
1960-01-01,Biogaz,0
1960-01-01,Soleil,0
1960-01-01,Chaleur ambiante,0
1961-01-01,Combustibles,103560
1961-01-01,Carburants,66090
1961-01-01,Electricité,60270
1961-01-01,Gaz,4090
1961-01-01,Charbon,63270
1961-01-01,Energie du bois,14170
1961-01-01,Chaleur à distance,0
1961-01-01,Déchets industriels,0
1961-01-01,Carburants biogènes,0
1961-01-01,Biogaz,0
1961-01-01,Soleil,0
1961-01-01,Chaleur ambiante,0
1962-01-01,Combustibles,134470
1962-01-01,Carburants,71260
1962-01-01,Electricité,63780
1962-01-01,Gaz,4210
1962-01-01,Charbon,68490
1962-01-01,Energie du bois,16150
1962-01-01,Chaleur à distance,0
1962-01-01,Déchets industriels,0
1962-01-01,Carburants biogènes,0
1962-01-01,Biogaz,0
1962-01-01,Soleil,0
1962-01-01,Chaleur ambiante,0
1963-01-01,Combustibles,169340
1963-01-01,Carburants,82790
1963-01-01,Electricité,66540
1963-01-01,Gaz,4400
1963-01-01,Charbon,68150
1963-01-01,Energie du bois,16180
1963-01-01,Chaleur à distance,0
1963-01-01,Déchets industriels,0
1963-01-01,Carburants biogènes,0
1963-01-01,Biogaz,0
1963-01-01,Soleil,0
1963-01-01,Chaleur ambiante,0
1964-01-01,Combustibles,182220
1964-01-01,Carburants,91490
1964-01-01,Electricité,69650
1964-01-01,Gaz,4280
1964-01-01,Charbon,54510
1964-01-01,Energie du bois,16220
1964-01-01,Chaleur à distance,0
1964-01-01,Déchets industriels,0
1964-01-01,Carburants biogènes,0
1964-01-01,Biogaz,0
1964-01-01,Soleil,0
1964-01-01,Chaleur ambiante,0
1965-01-01,Combustibles,212980
1965-01-01,Carburants,96710
1965-01-01,Electricité,72800
1965-01-01,Gaz,4360
1965-01-01,Charbon,43980
1965-01-01,Energie du bois,16830
1965-01-01,Chaleur à distance,0
1965-01-01,Déchets industriels,0
1965-01-01,Carburants biogènes,0
1965-01-01,Biogaz,0
1965-01-01,Soleil,0
1965-01-01,Chaleur ambiante,0
1966-01-01,Combustibles,216960
1966-01-01,Carburants,104020
1966-01-01,Electricité,74550
1966-01-01,Gaz,4350
1966-01-01,Charbon,36070
1966-01-01,Energie du bois,14730
1966-01-01,Chaleur à distance,0
1966-01-01,Déchets industriels,0
1966-01-01,Carburants biogènes,0
1966-01-01,Biogaz,0
1966-01-01,Soleil,0
1966-01-01,Chaleur ambiante,0
1967-01-01,Combustibles,235220
1967-01-01,Carburants,108470
1967-01-01,Electricité,77500
1967-01-01,Gaz,4470
1967-01-01,Charbon,30700
1967-01-01,Energie du bois,14290
1967-01-01,Chaleur à distance,0
1967-01-01,Déchets industriels,0
1967-01-01,Carburants biogènes,0
1967-01-01,Biogaz,0
1967-01-01,Soleil,0
1967-01-01,Chaleur ambiante,0
1968-01-01,Combustibles,261550
1968-01-01,Carburants,115580
1968-01-01,Electricité,80770
1968-01-01,Gaz,4700
1968-01-01,Charbon,29930
1968-01-01,Energie du bois,13630
1968-01-01,Chaleur à distance,0
1968-01-01,Déchets industriels,0
1968-01-01,Carburants biogènes,0
1968-01-01,Biogaz,0
1968-01-01,Soleil,0
1968-01-01,Chaleur ambiante,0
1969-01-01,Combustibles,291150
1969-01-01,Carburants,125130
1969-01-01,Electricité,85320
1969-01-01,Gaz,5950
1969-01-01,Charbon,27230
1969-01-01,Energie du bois,12310
1969-01-01,Chaleur à distance,0
1969-01-01,Déchets industriels,0
1969-01-01,Carburants biogènes,0
1969-01-01,Biogaz,0
1969-01-01,Soleil,0
1969-01-01,Chaleur ambiante,0
1970-01-01,Combustibles,316510
1970-01-01,Carburants,138060
1970-01-01,Electricité,90310
1970-01-01,Gaz,6620
1970-01-01,Charbon,24440
1970-01-01,Energie du bois,10110
1970-01-01,Chaleur à distance,0
1970-01-01,Déchets industriels,0
1970-01-01,Carburants biogènes,0
1970-01-01,Biogaz,0
1970-01-01,Soleil,0
1970-01-01,Chaleur ambiante,0
1971-01-01,Combustibles,334490
1971-01-01,Carburants,150260
1971-01-01,Electricité,94490
1971-01-01,Gaz,7600
1971-01-01,Charbon,16500
1971-01-01,Energie du bois,9670
1971-01-01,Chaleur à distance,0
1971-01-01,Déchets industriels,0
1971-01-01,Carburants biogènes,0
1971-01-01,Biogaz,0
1971-01-01,Soleil,0
1971-01-01,Chaleur ambiante,0
1972-01-01,Combustibles,336470
1972-01-01,Carburants,160720
1972-01-01,Electricité,97710
1972-01-01,Gaz,8200
1972-01-01,Charbon,13790
1972-01-01,Energie du bois,9230
1972-01-01,Chaleur à distance,0
1972-01-01,Déchets industriels,0
1972-01-01,Carburants biogènes,0
1972-01-01,Biogaz,0
1972-01-01,Soleil,0
1972-01-01,Chaleur ambiante,0
1973-01-01,Combustibles,371150
1973-01-01,Carburants,165330
1973-01-01,Electricité,103590
1973-01-01,Gaz,9550
1973-01-01,Charbon,12960
1973-01-01,Energie du bois,10110
1973-01-01,Chaleur à distance,0
1973-01-01,Déchets industriels,0
1973-01-01,Carburants biogènes,0
1973-01-01,Biogaz,0
1973-01-01,Soleil,0
1973-01-01,Chaleur ambiante,0
1974-01-01,Combustibles,325810
1974-01-01,Carburants,155760
1974-01-01,Electricité,106440
1974-01-01,Gaz,13550
1974-01-01,Charbon,12130
1974-01-01,Energie du bois,8350
1974-01-01,Chaleur à distance,0
1974-01-01,Déchets industriels,0
1974-01-01,Carburants biogènes,0
1974-01-01,Biogaz,0
1974-01-01,Soleil,0
1974-01-01,Chaleur ambiante,0
1975-01-01,Combustibles,314830
1975-01-01,Carburants,156070
1975-01-01,Electricité,104050
1975-01-01,Gaz,18870
1975-01-01,Charbon,9580
1975-01-01,Energie du bois,8350
1975-01-01,Chaleur à distance,0
1975-01-01,Déchets industriels,0
1975-01-01,Carburants biogènes,0
1975-01-01,Biogaz,0
1975-01-01,Soleil,0
1975-01-01,Chaleur ambiante,0
1976-01-01,Combustibles,320700
1976-01-01,Carburants,157000
1976-01-01,Electricité,107650
1976-01-01,Gaz,20430
1976-01-01,Charbon,8600
1976-01-01,Energie du bois,8350
1976-01-01,Chaleur à distance,0
1976-01-01,Déchets industriels,0
1976-01-01,Carburants biogènes,0
1976-01-01,Biogaz,0
1976-01-01,Soleil,0
1976-01-01,Chaleur ambiante,0
1977-01-01,Combustibles,313400
1977-01-01,Carburants,167200
1977-01-01,Electricité,112640
1977-01-01,Gaz,24120
1977-01-01,Charbon,10500
1977-01-01,Energie du bois,8350
1977-01-01,Chaleur à distance,0
1977-01-01,Déchets industriels,0
1977-01-01,Carburants biogènes,0
1977-01-01,Biogaz,0
1977-01-01,Soleil,0
1977-01-01,Chaleur ambiante,0
1978-01-01,Combustibles,335600
1978-01-01,Carburants,170000
1978-01-01,Electricité,116870
1978-01-01,Gaz,22450
1978-01-01,Charbon,9200
1978-01-01,Energie du bois,7910
1978-01-01,Chaleur à distance,5760
1978-01-01,Déchets industriels,3600
1978-01-01,Carburants biogènes,0
1978-01-01,Biogaz,0
1978-01-01,Soleil,0
1978-01-01,Chaleur ambiante,0
1979-01-01,Combustibles,313930
1979-01-01,Carburants,168770
1979-01-01,Electricité,121560
1979-01-01,Gaz,25420
1979-01-01,Charbon,9440
1979-01-01,Energie du bois,9010
1979-01-01,Chaleur à distance,6070
1979-01-01,Déchets industriels,3700
1979-01-01,Carburants biogènes,0
1979-01-01,Biogaz,0
1979-01-01,Soleil,0
1979-01-01,Chaleur ambiante,0
1980-01-01,Combustibles,310660
1980-01-01,Carburants,178820
1980-01-01,Electricité,126910
1980-01-01,Gaz,30370
1980-01-01,Charbon,13630
1980-01-01,Energie du bois,26280
1980-01-01,Chaleur à distance,7920
1980-01-01,Déchets industriels,3700
1980-01-01,Carburants biogènes,0
1980-01-01,Biogaz,0
1980-01-01,Soleil,0
1980-01-01,Chaleur ambiante,0
1981-01-01,Combustibles,284090
1981-01-01,Carburants,181620
1981-01-01,Electricité,130300
1981-01-01,Gaz,33370
1981-01-01,Charbon,20110
1981-01-01,Energie du bois,25480
1981-01-01,Chaleur à distance,8320
1981-01-01,Déchets industriels,4600
1981-01-01,Carburants biogènes,0
1981-01-01,Biogaz,0
1981-01-01,Soleil,0
1981-01-01,Chaleur ambiante,0
1982-01-01,Combustibles,264940
1982-01-01,Carburants,183720
1982-01-01,Electricité,132230
1982-01-01,Gaz,35830
1982-01-01,Charbon,17790
1982-01-01,Energie du bois,24930
1982-01-01,Chaleur à distance,8430
1982-01-01,Déchets industriels,4880
1982-01-01,Carburants biogènes,0
1982-01-01,Biogaz,0
1982-01-01,Soleil,0
1982-01-01,Chaleur ambiante,0
1983-01-01,Combustibles,268480
1983-01-01,Carburants,191710
1983-01-01,Electricité,136690
1983-01-01,Gaz,39920
1983-01-01,Charbon,15340
1983-01-01,Energie du bois,25340
1983-01-01,Chaleur à distance,8610
1983-01-01,Déchets industriels,5160
1983-01-01,Carburants biogènes,0
1983-01-01,Biogaz,0
1983-01-01,Soleil,0
1983-01-01,Chaleur ambiante,0
1984-01-01,Combustibles,272330
1984-01-01,Carburants,198910
1984-01-01,Electricité,142790
1984-01-01,Gaz,45410
1984-01-01,Charbon,19770
1984-01-01,Energie du bois,26560
1984-01-01,Chaleur à distance,9210
1984-01-01,Déchets industriels,6280
1984-01-01,Carburants biogènes,0
1984-01-01,Biogaz,0
1984-01-01,Soleil,0
1984-01-01,Chaleur ambiante,0
1985-01-01,Combustibles,270780
1985-01-01,Carburants,201050
1985-01-01,Electricité,148760
1985-01-01,Gaz,47660
1985-01-01,Charbon,19790
1985-01-01,Energie du bois,27030
1985-01-01,Chaleur à distance,9430
1985-01-01,Déchets industriels,6400
1985-01-01,Carburants biogènes,0
1985-01-01,Biogaz,0
1985-01-01,Soleil,0
1985-01-01,Chaleur ambiante,0
1986-01-01,Combustibles,274260
1986-01-01,Carburants,210300
1986-01-01,Electricité,152450
1986-01-01,Gaz,48980
1986-01-01,Charbon,17200
1986-01-01,Energie du bois,26290
1986-01-01,Chaleur à distance,9860
1986-01-01,Déchets industriels,6530
1986-01-01,Carburants biogènes,0
1986-01-01,Biogaz,0
1986-01-01,Soleil,0
1986-01-01,Chaleur ambiante,0
1987-01-01,Combustibles,268440
1987-01-01,Carburants,216880
1987-01-01,Electricité,156930
1987-01-01,Gaz,52820
1987-01-01,Charbon,16420
1987-01-01,Energie du bois,26380
1987-01-01,Chaleur à distance,11250
1987-01-01,Déchets industriels,6560
1987-01-01,Carburants biogènes,0
1987-01-01,Biogaz,0
1987-01-01,Soleil,0
1987-01-01,Chaleur ambiante,0
1988-01-01,Combustibles,261760
1988-01-01,Carburants,227300
1988-01-01,Electricité,159580
1988-01-01,Gaz,53800
1988-01-01,Charbon,14030
1988-01-01,Energie du bois,25010
1988-01-01,Chaleur à distance,10720
1988-01-01,Déchets industriels,6590
1988-01-01,Carburants biogènes,0
1988-01-01,Biogaz,0
1988-01-01,Soleil,0
1988-01-01,Chaleur ambiante,0
1989-01-01,Combustibles,247020
1989-01-01,Carburants,236010
1989-01-01,Electricité,163810
1989-01-01,Gaz,58830
1989-01-01,Charbon,14010
1989-01-01,Energie du bois,24870
1989-01-01,Chaleur à distance,10780
1989-01-01,Déchets industriels,6640
1989-01-01,Carburants biogènes,0
1989-01-01,Biogaz,0
1989-01-01,Soleil,0
1989-01-01,Chaleur ambiante,0
1990-01-01,Combustibles,243600
1990-01-01,Carburants,253220
1990-01-01,Electricité,167680
1990-01-01,Gaz,63640
1990-01-01,Charbon,14360
1990-01-01,Energie du bois,28650
1990-01-01,Chaleur à distance,10420
1990-01-01,Déchets industriels,8680
1990-01-01,Carburants biogènes,0
1990-01-01,Biogaz,1120
1990-01-01,Soleil,110
1990-01-01,Chaleur ambiante,2870
1991-01-01,Combustibles,261650
1991-01-01,Carburants,258940
1991-01-01,Electricité,171310
1991-01-01,Gaz,71450
1991-01-01,Charbon,12540
1991-01-01,Energie du bois,31570
1991-01-01,Chaleur à distance,12090
1991-01-01,Déchets industriels,10740
1991-01-01,Carburants biogènes,0
1991-01-01,Biogaz,1130
1991-01-01,Soleil,140
1991-01-01,Chaleur ambiante,3330
1992-01-01,Combustibles,257870
1992-01-01,Carburants,265890
1992-01-01,Electricité,172320
1992-01-01,Gaz,75360
1992-01-01,Charbon,8660
1992-01-01,Energie du bois,30610
1992-01-01,Chaleur à distance,11970
1992-01-01,Déchets industriels,10720
1992-01-01,Carburants biogènes,0
1992-01-01,Biogaz,1180
1992-01-01,Soleil,170
1992-01-01,Chaleur ambiante,3270
1993-01-01,Combustibles,245520
1993-01-01,Carburants,253490
1993-01-01,Electricité,170060
1993-01-01,Gaz,79320
1993-01-01,Charbon,7280
1993-01-01,Energie du bois,30720
1993-01-01,Chaleur à distance,11310
1993-01-01,Déchets industriels,11960
1993-01-01,Carburants biogènes,0
1993-01-01,Biogaz,1220
1993-01-01,Soleil,200
1993-01-01,Chaleur ambiante,3390
1994-01-01,Combustibles,228480
1994-01-01,Carburants,257470
1994-01-01,Electricité,168830
1994-01-01,Gaz,78060
1994-01-01,Charbon,7350
1994-01-01,Energie du bois,28670
1994-01-01,Chaleur à distance,11280
1994-01-01,Déchets industriels,10110
1994-01-01,Carburants biogènes,0
1994-01-01,Biogaz,1250
1994-01-01,Soleil,250
1994-01-01,Chaleur ambiante,3290
1995-01-01,Combustibles,237680
1995-01-01,Carburants,256360
1995-01-01,Electricité,172380
1995-01-01,Gaz,86000
1995-01-01,Charbon,7920
1995-01-01,Energie du bois,30640
1995-01-01,Chaleur à distance,11970
1995-01-01,Déchets industriels,10440
1995-01-01,Carburants biogènes,0
1995-01-01,Biogaz,1270
1995-01-01,Soleil,300
1995-01-01,Chaleur ambiante,3670
1996-01-01,Combustibles,243540
1996-01-01,Carburants,259080
1996-01-01,Electricité,175290
1996-01-01,Gaz,92320
1996-01-01,Charbon,5960
1996-01-01,Energie du bois,33670
1996-01-01,Chaleur à distance,12480
1996-01-01,Déchets industriels,11110
1996-01-01,Carburants biogènes,0
1996-01-01,Biogaz,1320
1996-01-01,Soleil,350
1996-01-01,Chaleur ambiante,4070
1997-01-01,Combustibles,228100
1997-01-01,Carburants,268890
1997-01-01,Electricité,175000
1997-01-01,Gaz,88550
1997-01-01,Charbon,4590
1997-01-01,Energie du bois,29620
1997-01-01,Chaleur à distance,12980
1997-01-01,Déchets industriels,10090
1997-01-01,Carburants biogènes,60
1997-01-01,Biogaz,1320
1997-01-01,Soleil,400
1997-01-01,Chaleur ambiante,3880
1998-01-01,Combustibles,239750
1998-01-01,Carburants,274460
1998-01-01,Electricité,178630
1998-01-01,Gaz,91550
1998-01-01,Charbon,3810
1998-01-01,Energie du bois,30140
1998-01-01,Chaleur à distance,13250
1998-01-01,Déchets industriels,10320
1998-01-01,Carburants biogènes,50
1998-01-01,Biogaz,1360
1998-01-01,Soleil,460
1998-01-01,Chaleur ambiante,4190
1999-01-01,Combustibles,227680
1999-01-01,Carburants,286920
1999-01-01,Electricité,184370
1999-01-01,Gaz,92840
1999-01-01,Charbon,3960
1999-01-01,Energie du bois,29810
1999-01-01,Chaleur à distance,13210
1999-01-01,Déchets industriels,8930
1999-01-01,Carburants biogènes,50
1999-01-01,Biogaz,1400
1999-01-01,Soleil,510
1999-01-01,Chaleur ambiante,4330
2000-01-01,Combustibles,208430
2000-01-01,Carburants,293370
2000-01-01,Electricité,188540
2000-01-01,Gaz,93160
2000-01-01,Charbon,5770
2000-01-01,Energie du bois,28130
2000-01-01,Chaleur à distance,13180
2000-01-01,Déchets industriels,10440
2000-01-01,Carburants biogènes,60
2000-01-01,Biogaz,1400
2000-01-01,Soleil,560
2000-01-01,Chaleur ambiante,4310
2001-01-01,Combustibles,226750
2001-01-01,Carburants,285870
2001-01-01,Electricité,193500
2001-01-01,Gaz,97020
2001-01-01,Charbon,6030
2001-01-01,Energie du bois,29900
2001-01-01,Chaleur à distance,13900
2001-01-01,Déchets industriels,10450
2001-01-01,Carburants biogènes,60
2001-01-01,Biogaz,1440
2001-01-01,Soleil,600
2001-01-01,Chaleur ambiante,4670
2002-01-01,Combustibles,208240
2002-01-01,Carburants,279810
2002-01-01,Electricité,194500
2002-01-01,Gaz,94860
2002-01-01,Charbon,5560
2002-01-01,Energie du bois,28690
2002-01-01,Chaleur à distance,14020
2002-01-01,Déchets industriels,10190
2002-01-01,Carburants biogènes,60
2002-01-01,Biogaz,1440
2002-01-01,Soleil,640
2002-01-01,Chaleur ambiante,4790
2003-01-01,Combustibles,218430
2003-01-01,Carburants,276640
2003-01-01,Electricité,198440
2003-01-01,Gaz,99980
2003-01-01,Charbon,5710
2003-01-01,Energie du bois,30740
2003-01-01,Chaleur à distance,14590
2003-01-01,Déchets industriels,11060
2003-01-01,Carburants biogènes,80
2003-01-01,Biogaz,1420
2003-01-01,Soleil,680
2003-01-01,Chaleur ambiante,5240
2004-01-01,Combustibles,215460
2004-01-01,Carburants,275420
2004-01-01,Electricité,202220
2004-01-01,Gaz,103430
2004-01-01,Charbon,5420
2004-01-01,Energie du bois,30590
2004-01-01,Chaleur à distance,14770
2004-01-01,Déchets industriels,10980
2004-01-01,Carburants biogènes,120
2004-01-01,Biogaz,1440
2004-01-01,Soleil,720
2004-01-01,Chaleur ambiante,5510
2005-01-01,Combustibles,215720
2005-01-01,Carburants,277500
2005-01-01,Electricité,206390
2005-01-01,Gaz,106460
2005-01-01,Charbon,6040
2005-01-01,Energie du bois,31890
2005-01-01,Chaleur à distance,15240
2005-01-01,Déchets industriels,10880
2005-01-01,Carburants biogènes,240
2005-01-01,Biogaz,1420
2005-01-01,Soleil,770
2005-01-01,Chaleur ambiante,6090
2006-01-01,Combustibles,207680
2006-01-01,Carburants,281300
2006-01-01,Electricité,208020
2006-01-01,Gaz,104420
2006-01-01,Charbon,6520
2006-01-01,Energie du bois,32600
2006-01-01,Chaleur à distance,15720
2006-01-01,Déchets industriels,10990
2006-01-01,Carburants biogènes,340
2006-01-01,Biogaz,1470
2006-01-01,Soleil,840
2006-01-01,Chaleur ambiante,6330
2007-01-01,Combustibles,180730
2007-01-01,Carburants,289330
2007-01-01,Electricité,206760
2007-01-01,Gaz,102180
2007-01-01,Charbon,7300
2007-01-01,Energie du bois,31720
2007-01-01,Chaleur à distance,14670
2007-01-01,Déchets industriels,10600
2007-01-01,Carburants biogènes,450
2007-01-01,Biogaz,1500
2007-01-01,Soleil,920
2007-01-01,Chaleur ambiante,6840
2008-01-01,Combustibles,188230
2008-01-01,Carburants,298420
2008-01-01,Electricité,211420
2008-01-01,Gaz,108880
2008-01-01,Charbon,6560
2008-01-01,Energie du bois,35900
2008-01-01,Chaleur à distance,15260
2008-01-01,Déchets industriels,11130
2008-01-01,Carburants biogènes,490
2008-01-01,Biogaz,1510
2008-01-01,Soleil,1050
2008-01-01,Chaleur ambiante,8150
2009-01-01,Combustibles,182080
2009-01-01,Carburants,293450
2009-01-01,Electricité,206980
2009-01-01,Gaz,104530
2009-01-01,Charbon,6190
2009-01-01,Energie du bois,37160
2009-01-01,Chaleur à distance,15120
2009-01-01,Déchets industriels,9510
2009-01-01,Carburants biogènes,350
2009-01-01,Biogaz,1500
2009-01-01,Soleil,1240
2009-01-01,Chaleur ambiante,8960
2010-01-01,Combustibles,190410
2010-01-01,Carburants,295080
2010-01-01,Electricité,215230
2010-01-01,Gaz,115940
2010-01-01,Charbon,6210
2010-01-01,Energie du bois,40930
2010-01-01,Chaleur à distance,17030
2010-01-01,Déchets industriels,10040
2010-01-01,Carburants biogènes,420
2010-01-01,Biogaz,1580
2010-01-01,Soleil,1450
2010-01-01,Chaleur ambiante,10850
2011-01-01,Combustibles,150850
2011-01-01,Carburants,296590
2011-01-01,Electricité,210960
2011-01-01,Gaz,104210
2011-01-01,Charbon,5740
2011-01-01,Energie du bois,35620
2011-01-01,Chaleur à distance,15660
2011-01-01,Déchets industriels,10510
2011-01-01,Carburants biogènes,450
2011-01-01,Biogaz,1670
2011-01-01,Soleil,1660
2011-01-01,Chaleur ambiante,10420
2012-01-01,Combustibles,161130
2012-01-01,Carburants,299850
2012-01-01,Electricité,212300
2012-01-01,Gaz,114320
2012-01-01,Charbon,5170
2012-01-01,Energie du bois,39440
2012-01-01,Chaleur à distance,16650
2012-01-01,Déchets industriels,10650
2012-01-01,Carburants biogènes,520
2012-01-01,Biogaz,1750
2012-01-01,Soleil,1850
2012-01-01,Chaleur ambiante,12190
2013-01-01,Combustibles,168460
2013-01-01,Carburants,299770
2013-01-01,Electricité,213560
2013-01-01,Gaz,120790
2013-01-01,Charbon,5570
2013-01-01,Energie du bois,43460
2013-01-01,Chaleur à distance,17580
2013-01-01,Déchets industriels,10800
2013-01-01,Carburants biogènes,480
2013-01-01,Biogaz,1740
2013-01-01,Soleil,2040
2013-01-01,Chaleur ambiante,13630
2014-01-01,Combustibles,127550
2014-01-01,Carburants,298260
2014-01-01,Electricité,206880
2014-01-01,Gaz,107130
2014-01-01,Charbon,5700
2014-01-01,Energie du bois,36730
2014-01-01,Chaleur à distance,15980
2014-01-01,Déchets industriels,12320
2014-01-01,Carburants biogènes,870
2014-01-01,Biogaz,1750
2014-01-01,Soleil,2210
2014-01-01,Chaleur ambiante,12620
2015-01-01,Combustibles,133890
2015-01-01,Carburants,290530
2015-01-01,Electricité,209690
2015-01-01,Gaz,112930
2015-01-01,Charbon,5210
2015-01-01,Energie du bois,39150
2015-01-01,Chaleur à distance,18140
2015-01-01,Déchets industriels,10610
2015-01-01,Carburants biogènes,2070
2015-01-01,Biogaz,1740
2015-01-01,Soleil,2360
2015-01-01,Chaleur ambiante,14400
2016-01-01,Combustibles,136350
2016-01-01,Carburants,291820
2016-01-01,Electricité,209660
2016-01-01,Gaz,117240
2016-01-01,Charbon,4790
2016-01-01,Energie du bois,42320
2016-01-01,Chaleur à distance,19350
2016-01-01,Déchets industriels,11210
2016-01-01,Carburants biogènes,3560
2016-01-01,Biogaz,1740
2016-01-01,Soleil,2460
2016-01-01,Chaleur ambiante,15930
2017-01-01,Combustibles,127930
2017-01-01,Carburants,290100
2017-01-01,Electricité,210540
2017-01-01,Gaz,118910
2017-01-01,Charbon,4610
2017-01-01,Energie du bois,42720
2017-01-01,Chaleur à distance,19790
2017-01-01,Déchets industriels,11220
2017-01-01,Carburants biogènes,5520
2017-01-01,Biogaz,1740
2017-01-01,Soleil,2530
2017-01-01,Chaleur ambiante,16650
2018-01-01,Combustibles,115630
2018-01-01,Carburants,294300
2018-01-01,Electricité,207530
2018-01-01,Gaz,112310
2018-01-01,Charbon,4290
2018-01-01,Energie du bois,40450
2018-01-01,Chaleur à distance,19360
2018-01-01,Déchets industriels,11070
2018-01-01,Carburants biogènes,7520
2018-01-01,Biogaz,1840
2018-01-01,Soleil,2600
2018-01-01,Chaleur ambiante,16350
2019-01-01,Combustibles,112310
2019-01-01,Carburants,294360
2019-01-01,Electricité,205910
2019-01-01,Gaz,115210
2019-01-01,Charbon,3810
2019-01-01,Energie du bois,41080
2019-01-01,Chaleur à distance,21530
2019-01-01,Déchets industriels,11670
2019-01-01,Carburants biogènes,7800
2019-01-01,Biogaz,1890
2019-01-01,Soleil,2640
2019-01-01,Chaleur ambiante,18020
2020-01-01,Combustibles,101110
2020-01-01,Carburants,226720
2020-01-01,Electricité,200570
2020-01-01,Gaz,112900
2020-01-01,Charbon,3660
2020-01-01,Energie du bois,39860
2020-01-01,Chaleur à distance,21050
2020-01-01,Déchets industriels,11610
2020-01-01,Carburants biogènes,7260
2020-01-01,Biogaz,1840
2020-01-01,Soleil,2660
2020-01-01,Chaleur ambiante,18670
2021-01-01,Combustibles,111710
2021-01-01,Carburants,233210
2021-01-01,Electricité,209210
2021-01-01,Gaz,122280
2021-01-01,Charbon,3700
2021-01-01,Energie du bois,46390
2021-01-01,Chaleur à distance,23090
2021-01-01,Déchets industriels,12030
2021-01-01,Carburants biogènes,6570
2021-01-01,Biogaz,1890
2021-01-01,Soleil,2660
2021-01-01,Chaleur ambiante,21970
